{
    "dependencies": [

    ],
    "format_version": 1,
    "header": {
        "description": "",
        "name": "behavior_pack",
        "uuid": "d2c2a9c4-896f-4c29-a386-14c38b00e9be",
        "version": [
            0,
            0,
            1
        ]
    },
    "modules": [
        {
            "description": "",
            "type": "data",
            "uuid": "3ef0a2c5-cfc1-4495-8f0b-b5b584efd0e0",
            "version": [
                0,
                0,
                1
            ]
        }
    ]
}