{
    "format_version": 1,
    "header": {
        "description": "",
        "name": "resource_pack",
        "uuid": "c884b9f5-0bac-4aca-938d-935528478852",
        "version": [
            0,
            0,
            1
        ]
    },
    "modules": [
        {
            "description": "",
            "type": "resources",
            "uuid": "f2f6503f-a8f3-49da-adaf-e11981703ce1",
            "version": [
                0,
                0,
                1
            ]
        }
    ]
}