{
    "resource_pack_name": "vanilla",
    "texture_data": {
        "kiosoyo:arrow_sword": {
            "textures": "textures/items/arrow_sword"
        },
        "kiosoyo:core": {
            "textures": "textures/items/core"
        },
        "kiosoyo:died_apple": {
            "textures": "textures/items/bad_apple"
        },
        "kiosoyo:eff_chest": {
            "textures": "textures/items/chest"
        },
        "kiosoyo:fire_axe": {
            "textures": "textures/items/fire_axe"
        },
        "kiosoyo:fire_pickaxe": {
            "textures": "textures/items/fire_pickaxe"
        },
        "kiosoyo:fire_sword": {
            "textures": "textures/items/fire_sword"
        },
        "kiosoyo:irom_hammer": {
            "textures": "textures/items/iron_hammer"
        },
        "kiosoyo:nitu1": {
            "textures": "textures/items/helmit"
        },
        "kiosoyo:nitu_3": {
            "textures": "textures/items/kuzi"
        },
        "kiosoyo:nitu_4": {
            "textures": "textures/items/boots"
        },
        "kiosoyo:tnt_throw": {
            "textures": "textures/items/tnt_throw"
        },
        "kiosoyo:tnt_throw2": {
            "textures": "textures/items/quantao"
        },
        "kiosoyo:zishuijing_1": {
            "textures": "textures/items/zishuijing_1"
        },
        "kiosoyo:zishuijing_2": {
            "textures": "textures/items/zishuijing_2"
        },
        "kiosoyo:zishuijing_3": {
            "textures": "textures/items/zishuijing_3"
        },
        "kiosoyo:zishuijing_4": {
            "textures": "textures/items/zishuijing_4"
        },
        "kiosoyo:zishuijing_axe": {
            "textures": "textures/items/zishuijing_axe"
        },
        "kiosoyo:zishuijing_pickaxe": {
            "textures": "textures/items/zishuijing_pickaxe"
        },
        "kiosoyo:zishuijing_sword": {
            "textures": "textures/items/zishuijing_sword"
        }
    },
    "texture_name": "atlas.items"
}