{
    "format_version": "1.12",
    "minecraft:recipe_shaped": {
        "description": {
            "identifier": "kiosoyo:nitu4_recipe"
        },
        "key": {
            "D": {
                "data": 0,
                "item": "minecraft:dirt"
            }
        },
        "pattern": [
            "D D",
            "D D"
        ],
        "result": {
            "count": 1,
            "data": 0,
            "item": "kiosoyo:nitu_4"
        },
        "tags": [
            "crafting_table"
        ]
    }
}