{
    "format_version": "1.12",
    "minecraft:recipe_shaped": {
        "description": {
            "identifier": "kiosoyo:zishuijing_3_recipe"
        },
        "key": {
            "G": {
                "data": 0,
                "item": "minecraft:amethyst_shard"
            }
        },
        "pattern": [
            "GGG",
            "G G",
            "G G"
        ],
        "result": {
            "count": 1,
            "data": 0,
            "item": "kiosoyo:zishuijing_3"
        },
        "tags": [
            "crafting_table"
        ]
    }
}