{
    "format_version": "1.12",
    "minecraft:recipe_shaped": {
        "description": {
            "identifier": "kiosoyo:iron_hammer_recipe"
        },
        "key": {
            "F": {
                "data": 0,
                "item": "minecraft:iron_ingot"
            },
            "G": {
                "data": 0,
                "item": "minecraft:stick"
            }
        },
        "pattern": [
            "FFF",
            "FFF",
            " G "
        ],
        "result": {
            "count": 1,
            "data": 0,
            "item": "kiosoyo:irom_hammer"
        },
        "tags": [
            "crafting_table"
        ]
    }
}