{
    "format_version": "1.12",
    "minecraft:recipe_shaped": {
        "description": {
            "identifier": "kiosoyo:zishuijing_axe_recipe"
        },
        "key": {
            "C": {
                "data": 0,
                "item": "minecraft:amethyst_shard"
            },
            "E": {
                "data": 0,
                "item": "minecraft:stick"
            }
        },
        "pattern": [
            "CC",
            "CE",
            " E"
        ],
        "result": {
            "count": 1,
            "data": 0,
            "item": "kiosoyo:zishuijing_axe"
        },
        "tags": [
            "crafting_table"
        ]
    }
}