{
    "format_version": "1.12",
    "minecraft:recipe_shaped": {
        "description": {
            "identifier": "kiosoyo:axe_rec"
        },
        "key": {
            "A": {
                "data": 0,
                "item": "kiosoyo:core"
            },
            "C": {
                "data": 0,
                "item": "minecraft:iron_ingot"
            },
            "E": {
                "data": 0,
                "item": "minecraft:blaze_rod"
            }
        },
        "pattern": [
            "AC",
            "CE",
            " E"
        ],
        "result": {
            "count": 1,
            "data": 0,
            "item": "kiosoyo:fire_axe"
        },
        "tags": [
            "crafting_table"
        ]
    }
}