{
    "format_version": "1.12",
    "minecraft:recipe_shaped": {
        "description": {
            "identifier": "kiosoyo:zishuijing_swordrecipe"
        },
        "key": {
            "B": {
                "data": 0,
                "item": "minecraft:amethyst_shard"
            },
            "C": {
                "data": 0,
                "item": "minecraft:stick"
            }
        },
        "pattern": [
            "B",
            "B",
            "C"
        ],
        "result": {
            "count": 1,
            "data": 0,
            "item": "kiosoyo:zishuijing_sword"
        },
        "tags": [
            "crafting_table"
        ]
    }
}