{
    "format_version": "1.12",
    "minecraft:recipe_shaped": {
        "description": {
            "identifier": "kiosoyo:fpickaxe_rec"
        },
        "key": {
            "A": {
                "data": 0,
                "item": "minecraft:fire_charge"
            },
            "B": {
                "data": 0,
                "item": "kiosoyo:core"
            },
            "C": {
                "data": 0,
                "item": "minecraft:tnt"
            },
            "E": {
                "data": 0,
                "item": "minecraft:blaze_rod"
            }
        },
        "pattern": [
            "ABC",
            " E ",
            " E "
        ],
        "result": {
            "count": 1,
            "data": 0,
            "item": "kiosoyo:fire_pickaxe"
        },
        "tags": [
            "crafting_table"
        ]
    }
}