{
    "format_version": "1.12",
    "minecraft:recipe_shaped": {
        "description": {
            "identifier": "kiosoyo:nitu1_recipe"
        },
        "key": {
            "E": {
                "data": 0,
                "item": "minecraft:dirt"
            }
        },
        "pattern": [
            "EEE",
            "E E"
        ],
        "result": {
            "count": 1,
            "data": 0,
            "item": "kiosoyo:nitu1"
        },
        "tags": [
            "crafting_table"
        ]
    }
}