{
    "format_version": "1.12",
    "minecraft:recipe_shaped": {
        "description": {
            "identifier": "kiosoyo:fire_rec"
        },
        "key": {
            "A": {
                "data": 0,
                "item": "kiosoyo:core"
            },
            "C": {
                "data": 0,
                "item": "minecraft:blaze_powder"
            },
            "D": {
                "data": 0,
                "item": "minecraft:fire_charge"
            },
            "E": {
                "data": 0,
                "item": "minecraft:bow"
            },
            "F": {
                "data": 0,
                "item": "minecraft:blaze_rod"
            }
        },
        "pattern": [
            "AC ",
            "CDE",
            "  F"
        ],
        "result": {
            "count": 1,
            "data": 0,
            "item": "kiosoyo:fire_sword"
        },
        "tags": [
            "crafting_table"
        ]
    }
}