{
    "format_version": "1.12",
    "minecraft:recipe_shaped": {
        "description": {
            "identifier": "kiosoyo:iron_hammer_2_recipe"
        },
        "key": {
            "A": {
                "data": 0,
                "item": "minecraft:iron_block"
            },
            "B": {
                "data": 0,
                "item": "minecraft:stick"
            }
        },
        "pattern": [
            "A",
            "B"
        ],
        "result": {
            "count": 1,
            "data": 0,
            "item": "kiosoyo:irom_hammer"
        },
        "tags": [
            "crafting_table"
        ]
    }
}