{
    "format_version": "1.12",
    "minecraft:recipe_shaped": {
        "description": {
            "identifier": "kiosoyo:quantao_recipe"
        },
        "key": {
            "B": {
                "data": 0,
                "item": "minecraft:ender_eye"
            },
            "E": {
                "data": 0,
                "item": "kiosoyo:core"
            },
            "F": {
                "data": 0,
                "item": "minecraft:magma_cream"
            },
            "H": {
                "data": 0,
                "item": "minecraft:string"
            },
            "I": {
                "data": 0,
                "item": "minecraft:leather"
            }
        },
        "pattern": [
            "IBI",
            "FEF",
            "IHI"
        ],
        "result": {
            "count": 1,
            "data": 0,
            "item": "kiosoyo:tnt_throw2"
        },
        "tags": [
            "crafting_table"
        ]
    }
}