{
    "format_version": "1.12",
    "minecraft:recipe_shapeless": {
        "description": {
            "identifier": "kiosoyo:tnt_throw_recipe"
        },
        "ingredients": [
            {
                "count": 1,
                "data": 0,
                "item": "minecraft:tnt"
            },
            {
                "count": 1,
                "data": 0,
                "item": "minecraft:snowball"
            }
        ],
        "result": {
            "count": 1,
            "data": 0,
            "item": "kiosoyo:tnt_throw"
        },
        "tags": [
            "crafting_table"
        ]
    }
}