{
    "format_version": "1.12",
    "minecraft:recipe_shaped": {
        "description": {
            "identifier": "kiosoyo:core_recipe"
        },
        "key": {
            "B": {
                "data": 0,
                "item": "minecraft:netherite_ingot"
            },
            "D": {
                "data": 0,
                "item": "minecraft:ender_eye"
            },
            "F": {
                "data": 0,
                "item": "minecraft:blaze_powder"
            }
        },
        "pattern": [
            "FBF",
            " D ",
            "F F"
        ],
        "result": {
            "count": 1,
            "data": 0,
            "item": "kiosoyo:core"
        },
        "tags": [
            "crafting_table"
        ]
    }
}