{
    "format_version": "1.12",
    "minecraft:recipe_shaped": {
        "description": {
            "identifier": "kiosoyo:bad_apple_recipe"
        },
        "key": {
            "A": {
                "data": 0,
                "item": "minecraft:apple"
            }
        },
        "pattern": [
            "A"
        ],
        "result": {
            "count": 1,
            "data": 0,
            "item": "kiosoyo:died_apple"
        },
        "tags": [
            "crafting_table"
        ]
    }
}