{
    "format_version": "1.12",
    "minecraft:recipe_shaped": {
        "description": {
            "identifier": "kiosoyo:zishuijing_1_recipe"
        },
        "key": {
            "H": {
                "data": 0,
                "item": "minecraft:amethyst_shard"
            }
        },
        "pattern": [
            "H H",
            "HHH",
            "HHH"
        ],
        "result": {
            "count": 1,
            "data": 0,
            "item": "kiosoyo:zishuijing_2"
        },
        "tags": [
            "crafting_table"
        ]
    }
}