{
    "format_version": "1.8.0",
    "minecraft:attachable": {
        "description": {
            "geometry": {
                "default": "geometry.humanoid.armor.helmet"
            },
            "identifier": "kiosoyo:nitu1",
            "materials": {
                "default": "armor",
                "enchanted": "armor_enchanted"
            },
            "render_controllers": [
                "controller.render.armor"
            ],
            "scripts": {
                "parent_setup": "variable.chest_layer_visible = 0.0;"
            },
            "textures": {
                "default": "textures/models/armor/nitu_1",
                "enchanted": "textures/misc/enchanted_item_glint"
            }
        }
    }
}