{
    "format_version": "1.10",
    "minecraft:item": {
        "components": {
            "minecraft:foil": true,
            "minecraft:food": {
                "can_always_eat": true,
                "effects": [
                    {
                        "amplifier": 2,
                        "chance": 1.0,
                        "duration": 20,
                        "name": "absorption"
                    }
                ],
                "nutrition": 3
            },
            "minecraft:max_stack_size": 64,
            "minecraft:use_duration": 5.0
        },
        "description": {
            "category": "Nature",
            "identifier": "kiosoyo:died_apple",
            "register_to_create_menu": true
        }
    }
}