{
    "format_version": "1.10",
    "minecraft:item": {
        "components": {
            "minecraft:max_damage": 200,
            "netease:weapon": {
                "attack_damage": 6,
                "enchantment": 10,
                "level": 3,
                "speed": 5,
                "type": "hatchet"
            }
        },
        "description": {
            "category": "Equipment",
            "identifier": "kiosoyo:fire_axe",
            "register_to_create_menu": true
        }
    }
}